date,home.team,home.score,away.team,away.score
18/08/2017,Leganes,1,Alaves,0
18/08/2017,Valencia,1,Las Palmas,0
19/08/2017,Celta,2,Sociedad,3
19/08/2017,Girona,2,Ath Madrid,2
19/08/2017,Sevilla,1,Espanol,1
20/08/2017,Ath Bilbao,0,Getafe,0
20/08/2017,Barcelona,2,Betis,0
20/08/2017,La Coruna,0,Real Madrid,3
21/08/2017,Levante,1,Villarreal,0
21/08/2017,Malaga,0,Eibar,1
25/08/2017,Betis,2,Celta,1
25/08/2017,Sociedad,3,Villarreal,0
26/08/2017,Alaves,0,Barcelona,2
26/08/2017,Girona,1,Malaga,0
26/08/2017,Las Palmas,1,Ath Madrid,5
26/08/2017,Levante,2,La Coruna,2
27/08/2017,Eibar,0,Ath Bilbao,1
27/08/2017,Espanol,0,Leganes,1
27/08/2017,Getafe,0,Sevilla,1
27/08/2017,Real Madrid,2,Valencia,2
08/09/2017,Leganes,1,Getafe,2
09/09/2017,Barcelona,5,Espanol,0
09/09/2017,Real Madrid,1,Levante,1
09/09/2017,Sevilla,3,Eibar,0
09/09/2017,Valencia,0,Ath Madrid,0
10/09/2017,Ath Bilbao,2,Girona,0
10/09/2017,Celta,1,Alaves,0
10/09/2017,La Coruna,2,Sociedad,4
10/09/2017,Villarreal,3,Betis,1
11/09/2017,Malaga,1,Las Palmas,3
15/09/2017,Eibar,1,Leganes,0
16/09/2017,Ath Madrid,1,Malaga,0
16/09/2017,Betis,2,La Coruna,1
16/09/2017,Getafe,1,Barcelona,2
16/09/2017,Levante,1,Valencia,1
17/09/2017,Alaves,0,Villarreal,3
17/09/2017,Girona,0,Sevilla,1
17/09/2017,Las Palmas,1,Ath Bilbao,0
17/09/2017,Sociedad,1,Real Madrid,3
18/09/2017,Espanol,2,Celta,1
19/09/2017,Barcelona,6,Eibar,1
19/09/2017,Valencia,5,Malaga,0
20/09/2017,Ath Bilbao,1,Ath Madrid,2
20/09/2017,La Coruna,1,Alaves,0
20/09/2017,Leganes,0,Girona,0
20/09/2017,Real Madrid,0,Betis,1
20/09/2017,Sevilla,1,Las Palmas,0
21/09/2017,Celta,1,Getafe,1
21/09/2017,Levante,3,Sociedad,0
21/09/2017,Villarreal,0,Espanol,0
23/09/2017,Alaves,1,Real Madrid,2
23/09/2017,Ath Madrid,2,Sevilla,0
23/09/2017,Girona,0,Barcelona,3
23/09/2017,Malaga,3,Ath Bilbao,3
24/09/2017,Eibar,0,Celta,4
24/09/2017,Espanol,4,La Coruna,1
24/09/2017,Getafe,4,Villarreal,0
24/09/2017,Las Palmas,0,Leganes,2
24/09/2017,Sociedad,2,Valencia,3
25/09/2017,Betis,4,Levante,0
29/09/2017,Celta,3,Girona,3
30/09/2017,La Coruna,2,Getafe,1
30/09/2017,Leganes,0,Ath Madrid,0
30/09/2017,Levante,0,Alaves,2
30/09/2017,Sevilla,2,Malaga,0
01/10/2017,Barcelona,3,Las Palmas,0
01/10/2017,Real Madrid,2,Espanol,0
01/10/2017,Sociedad,4,Betis,4
01/10/2017,Valencia,3,Ath Bilbao,2
01/10/2017,Villarreal,3,Eibar,0
13/10/2017,Espanol,0,Levante,0
14/10/2017,Alaves,0,Sociedad,2
14/10/2017,Ath Bilbao,1,Sevilla,0
14/10/2017,Ath Madrid,1,Barcelona,1
14/10/2017,Getafe,1,Real Madrid,2
15/10/2017,Betis,3,Valencia,6
15/10/2017,Eibar,0,La Coruna,0
15/10/2017,Girona,1,Villarreal,2
15/10/2017,Malaga,0,Leganes,2
16/10/2017,Las Palmas,2,Celta,5
21/10/2017,Barcelona,2,Malaga,0
21/10/2017,Betis,2,Alaves,0
21/10/2017,Levante,1,Getafe,1
21/10/2017,Valencia,4,Sevilla,0
22/10/2017,Celta,0,Ath Madrid,1
22/10/2017,Leganes,1,Ath Bilbao,0
22/10/2017,Real Madrid,3,Eibar,0
22/10/2017,Villarreal,4,Las Palmas,0
23/10/2017,La Coruna,1,Girona,2
23/10/2017,Sociedad,1,Espanol,1
28/10/2017,Alaves,1,Valencia,2
28/10/2017,Ath Bilbao,0,Barcelona,2
28/10/2017,Ath Madrid,1,Villarreal,1
28/10/2017,Sevilla,2,Leganes,1
29/10/2017,Eibar,2,Levante,2
29/10/2017,Getafe,2,Sociedad,1
29/10/2017,Girona,2,Real Madrid,1
29/10/2017,Malaga,2,Celta,1
30/10/2017,Espanol,1,Betis,0
30/10/2017,Las Palmas,1,La Coruna,3
03/11/2017,Betis,2,Getafe,2
04/11/2017,Alaves,1,Espanol,0
04/11/2017,Barcelona,2,Sevilla,1
04/11/2017,La Coruna,0,Ath Madrid,1
04/11/2017,Valencia,3,Leganes,0
05/11/2017,Celta,3,Ath Bilbao,1
05/11/2017,Levante,1,Girona,2
05/11/2017,Real Madrid,3,Las Palmas,0
05/11/2017,Sociedad,3,Eibar,1
05/11/2017,Villarreal,2,Malaga,0
17/11/2017,Girona,1,Sociedad,1
18/11/2017,Ath Madrid,0,Real Madrid,0
18/11/2017,Getafe,4,Alaves,1
18/11/2017,Leganes,0,Barcelona,3
18/11/2017,Sevilla,2,Celta,1
19/11/2017,Ath Bilbao,1,Villarreal,1
19/11/2017,Espanol,0,Valencia,2
19/11/2017,Las Palmas,0,Levante,2
19/11/2017,Malaga,3,La Coruna,2
20/11/2017,Eibar,5,Betis,0
24/11/2017,Celta,1,Leganes,0
25/11/2017,Alaves,1,Eibar,2
25/11/2017,Betis,2,Girona,2
25/11/2017,Levante,0,Ath Madrid,5
25/11/2017,Real Madrid,3,Malaga,2
26/11/2017,La Coruna,2,Ath Bilbao,2
26/11/2017,Sociedad,2,Las Palmas,2
26/11/2017,Valencia,1,Barcelona,1
26/11/2017,Villarreal,2,Sevilla,3
27/11/2017,Espanol,1,Getafe,0
01/12/2017,Malaga,0,Levante,0
02/12/2017,Ath Bilbao,0,Real Madrid,0
02/12/2017,Ath Madrid,2,Sociedad,1
02/12/2017,Barcelona,2,Celta,2
02/12/2017,Sevilla,2,La Coruna,0
03/12/2017,Eibar,3,Espanol,1
03/12/2017,Getafe,1,Valencia,0
03/12/2017,Las Palmas,1,Betis,0
03/12/2017,Leganes,3,Villarreal,1
04/12/2017,Girona,2,Alaves,3
08/12/2017,Alaves,2,Las Palmas,0
09/12/2017,Getafe,0,Eibar,0
09/12/2017,La Coruna,1,Leganes,0
09/12/2017,Real Madrid,5,Sevilla,0
09/12/2017,Valencia,2,Celta,1
10/12/2017,Betis,0,Ath Madrid,1
10/12/2017,Levante,1,Ath Bilbao,2
10/12/2017,Sociedad,0,Malaga,2
10/12/2017,Villarreal,0,Barcelona,2
11/12/2017,Espanol,0,Girona,1
15/12/2017,Sevilla,0,Levante,0
16/12/2017,Ath Bilbao,0,Sociedad,0
16/12/2017,Ath Madrid,1,Alaves,0
16/12/2017,Eibar,2,Valencia,1
17/12/2017,Barcelona,4,La Coruna,0
17/12/2017,Celta,0,Villarreal,1
17/12/2017,Girona,1,Getafe,0
17/12/2017,Las Palmas,2,Espanol,2
18/12/2017,Malaga,0,Betis,2
19/12/2017,Levante,0,Leganes,0
20/12/2017,Getafe,2,Las Palmas,0
20/12/2017,Sociedad,3,Sevilla,1
21/12/2017,Alaves,1,Malaga,0
21/12/2017,Eibar,4,Girona,1
22/12/2017,Betis,0,Ath Bilbao,2
22/12/2017,Espanol,1,Ath Madrid,0
23/12/2017,La Coruna,1,Celta,3
23/12/2017,Real Madrid,0,Barcelona,3
23/12/2017,Valencia,0,Villarreal,1
06/01/2018,Ath Madrid,2,Getafe,0
06/01/2018,Las Palmas,1,Eibar,2
06/01/2018,Sevilla,3,Betis,5
06/01/2018,Valencia,2,Girona,1
07/01/2018,Ath Bilbao,2,Alaves,0
07/01/2018,Barcelona,3,Levante,0
07/01/2018,Celta,2,Real Madrid,2
07/01/2018,Leganes,1,Sociedad,0
07/01/2018,Villarreal,1,La Coruna,1
08/01/2018,Malaga,0,Espanol,1
12/01/2018,Getafe,1,Malaga,0
13/01/2018,Eibar,0,Ath Madrid,1
13/01/2018,Girona,6,Las Palmas,0
13/01/2018,La Coruna,1,Valencia,2
13/01/2018,Real Madrid,0,Villarreal,1
14/01/2018,Alaves,1,Sevilla,0
14/01/2018,Espanol,1,Ath Bilbao,1
14/01/2018,Levante,0,Celta,1
14/01/2018,Sociedad,2,Barcelona,4
15/01/2018,Betis,3,Leganes,2
19/01/2018,Getafe,2,Ath Bilbao,2
20/01/2018,Ath Madrid,1,Girona,1
20/01/2018,Espanol,0,Sevilla,3
20/01/2018,Las Palmas,2,Valencia,1
20/01/2018,Villarreal,2,Levante,1
21/01/2018,Alaves,2,Leganes,2
21/01/2018,Betis,0,Barcelona,5
21/01/2018,Real Madrid,7,La Coruna,1
21/01/2018,Sociedad,1,Celta,2
22/01/2018,Eibar,1,Malaga,1
26/01/2018,Ath Bilbao,1,Eibar,1
27/01/2018,La Coruna,2,Levante,2
27/01/2018,Malaga,0,Girona,0
27/01/2018,Valencia,1,Real Madrid,4
27/01/2018,Villarreal,4,Sociedad,2
28/01/2018,Ath Madrid,3,Las Palmas,0
28/01/2018,Barcelona,2,Alaves,1
28/01/2018,Leganes,3,Espanol,2
28/01/2018,Sevilla,1,Getafe,1
29/01/2018,Celta,3,Betis,2
02/02/2018,Sociedad,5,La Coruna,0
03/02/2018,Alaves,2,Celta,1
03/02/2018,Betis,2,Villarreal,1
03/02/2018,Eibar,5,Sevilla,1
03/02/2018,Levante,2,Real Madrid,2
04/02/2018,Ath Madrid,1,Valencia,0
04/02/2018,Espanol,1,Barcelona,1
04/02/2018,Getafe,0,Leganes,0
04/02/2018,Girona,2,Ath Bilbao,0
05/02/2018,Las Palmas,1,Malaga,0
09/02/2018,Ath Bilbao,0,Las Palmas,0
10/02/2018,Leganes,0,Eibar,1
10/02/2018,Malaga,0,Ath Madrid,1
10/02/2018,Real Madrid,5,Sociedad,2
10/02/2018,Villarreal,1,Alaves,2
11/02/2018,Barcelona,0,Getafe,0
11/02/2018,Celta,2,Espanol,2
11/02/2018,Sevilla,1,Girona,0
11/02/2018,Valencia,3,Levante,1
12/02/2018,La Coruna,0,Betis,1
16/02/2018,Girona,3,Leganes,0
17/02/2018,Alaves,1,La Coruna,0
17/02/2018,Eibar,0,Barcelona,2
17/02/2018,Las Palmas,1,Sevilla,2
17/02/2018,Malaga,1,Valencia,2
18/02/2018,Ath Madrid,2,Ath Bilbao,0
18/02/2018,Betis,3,Real Madrid,5
18/02/2018,Espanol,1,Villarreal,1
18/02/2018,Sociedad,3,Levante,0
19/02/2018,Getafe,3,Celta,0
21/02/2018,Leganes,1,Real Madrid,3
23/02/2018,La Coruna,0,Espanol,0
24/02/2018,Barcelona,6,Girona,1
24/02/2018,Celta,2,Eibar,0
24/02/2018,Leganes,0,Las Palmas,0
24/02/2018,Real Madrid,4,Alaves,0
25/02/2018,Ath Bilbao,2,Malaga,1
25/02/2018,Sevilla,2,Ath Madrid,5
25/02/2018,Valencia,2,Sociedad,1
25/02/2018,Villarreal,1,Getafe,0
26/02/2018,Levante,0,Betis,2
27/02/2018,Espanol,1,Real Madrid,0
27/02/2018,Girona,1,Celta,0
28/02/2018,Ath Bilbao,1,Valencia,1
28/02/2018,Ath Madrid,4,Leganes,0
28/02/2018,Eibar,1,Villarreal,0
28/02/2018,Getafe,3,La Coruna,0
28/02/2018,Malaga,0,Sevilla,1
01/03/2018,Alaves,1,Levante,0
01/03/2018,Betis,0,Sociedad,0
01/03/2018,Las Palmas,1,Barcelona,1
03/03/2018,La Coruna,1,Eibar,1
03/03/2018,Leganes,2,Malaga,0
03/03/2018,Real Madrid,3,Getafe,1
03/03/2018,Sevilla,2,Ath Bilbao,0
03/03/2018,Villarreal,0,Girona,2
04/03/2018,Barcelona,1,Ath Madrid,0
04/03/2018,Levante,1,Espanol,1
04/03/2018,Sociedad,2,Alaves,1
04/03/2018,Valencia,2,Betis,0
05/03/2018,Celta,2,Las Palmas,1
09/03/2018,Girona,2,La Coruna,0
10/03/2018,Eibar,1,Real Madrid,2
10/03/2018,Getafe,0,Levante,1
10/03/2018,Malaga,0,Barcelona,2
10/03/2018,Sevilla,0,Valencia,2
11/03/2018,Ath Bilbao,2,Leganes,0
11/03/2018,Ath Madrid,3,Celta,0
11/03/2018,Espanol,2,Sociedad,1
11/03/2018,Las Palmas,0,Villarreal,2
12/03/2018,Alaves,1,Betis,3
16/03/2018,Levante,2,Eibar,1
17/03/2018,Betis,3,Espanol,0
17/03/2018,La Coruna,1,Las Palmas,1
17/03/2018,Sociedad,1,Getafe,2
17/03/2018,Valencia,3,Alaves,1
18/03/2018,Barcelona,2,Ath Bilbao,0
18/03/2018,Celta,0,Malaga,0
18/03/2018,Leganes,2,Sevilla,1
18/03/2018,Real Madrid,6,Girona,3
18/03/2018,Villarreal,2,Ath Madrid,1
31/03/2018,Ath Bilbao,1,Celta,1
31/03/2018,Girona,1,Levante,1
31/03/2018,Las Palmas,0,Real Madrid,3
31/03/2018,Sevilla,2,Barcelona,2
01/04/2018,Ath Madrid,1,La Coruna,0
01/04/2018,Eibar,0,Sociedad,0
01/04/2018,Espanol,0,Alaves,0
01/04/2018,Leganes,0,Valencia,1
01/04/2018,Malaga,1,Villarreal,0
02/04/2018,Getafe,0,Betis,1
06/04/2018,La Coruna,3,Malaga,2
07/04/2018,Alaves,2,Getafe,0
07/04/2018,Barcelona,3,Leganes,1
07/04/2018,Betis,2,Eibar,0
07/04/2018,Celta,4,Sevilla,0
08/04/2018,Levante,2,Las Palmas,1
08/04/2018,Real Madrid,1,Ath Madrid,1
08/04/2018,Sociedad,5,Girona,0
08/04/2018,Valencia,1,Espanol,0
09/04/2018,Villarreal,1,Ath Bilbao,3
13/04/2018,Girona,0,Betis,1
14/04/2018,Ath Bilbao,2,La Coruna,3
14/04/2018,Barcelona,2,Valencia,1
14/04/2018,Las Palmas,0,Sociedad,1
14/04/2018,Leganes,1,Celta,0
14/04/2018,Sevilla,2,Villarreal,2
15/04/2018,Ath Madrid,3,Levante,0
15/04/2018,Eibar,0,Alaves,1
15/04/2018,Getafe,1,Espanol,0
15/04/2018,Malaga,1,Real Madrid,2
17/04/2018,Celta,2,Barcelona,2
17/04/2018,La Coruna,0,Sevilla,0
17/04/2018,Villarreal,2,Leganes,1
18/04/2018,Espanol,0,Eibar,1
18/04/2018,Real Madrid,1,Ath Bilbao,1
18/04/2018,Valencia,1,Getafe,2
19/04/2018,Alaves,1,Girona,2
19/04/2018,Betis,1,Las Palmas,0
19/04/2018,Levante,1,Malaga,0
19/04/2018,Sociedad,3,Ath Madrid,0
20/04/2018,Leganes,0,La Coruna,0
21/04/2018,Celta,1,Valencia,1
21/04/2018,Eibar,0,Getafe,1
22/04/2018,Ath Madrid,0,Betis,0
22/04/2018,Girona,0,Espanol,2
22/04/2018,Las Palmas,0,Alaves,4
22/04/2018,Malaga,2,Sociedad,0
23/04/2018,Ath Bilbao,1,Levante,3
27/04/2018,Levante,2,Sevilla,1
28/04/2018,Espanol,1,Las Palmas,1
28/04/2018,Real Madrid,2,Leganes,1
28/04/2018,Sociedad,3,Ath Bilbao,1
28/04/2018,Villarreal,4,Celta,1
29/04/2018,Alaves,0,Ath Madrid,1
29/04/2018,Getafe,1,Girona,1
29/04/2018,La Coruna,2,Barcelona,4
29/04/2018,Valencia,0,Eibar,0
30/04/2018,Betis,2,Malaga,1
04/05/2018,Sevilla,1,Sociedad,0
05/05/2018,Ath Bilbao,2,Betis,0
05/05/2018,Celta,1,La Coruna,1
05/05/2018,Girona,1,Eibar,4
05/05/2018,Villarreal,1,Valencia,0
06/05/2018,Ath Madrid,0,Espanol,2
06/05/2018,Barcelona,2,Real Madrid,2
06/05/2018,Las Palmas,0,Getafe,1
06/05/2018,Malaga,0,Alaves,3
07/05/2018,Leganes,0,Levante,3
09/05/2018,Barcelona,5,Villarreal,1
09/05/2018,Sevilla,3,Real Madrid,2
12/05/2018,Alaves,3,Ath Bilbao,1
12/05/2018,Betis,2,Sevilla,2
12/05/2018,Eibar,1,Las Palmas,0
12/05/2018,Getafe,0,Ath Madrid,1
12/05/2018,Girona,0,Valencia,1
12/05/2018,La Coruna,2,Villarreal,4
12/05/2018,Real Madrid,6,Celta,0
12/05/2018,Sociedad,3,Leganes,2
13/05/2018,Espanol,4,Malaga,1
13/05/2018,Levante,5,Barcelona,4
19/05/2018,Celta,4,Levante,2
19/05/2018,Las Palmas,1,Girona,2
19/05/2018,Leganes,3,Betis,2
19/05/2018,Malaga,0,Getafe,1
19/05/2018,Sevilla,1,Alaves,0
19/05/2018,Villarreal,2,Real Madrid,2
20/05/2018,Ath Bilbao,0,Espanol,1
20/05/2018,Ath Madrid,2,Eibar,2
20/05/2018,Barcelona,1,Sociedad,0
20/05/2018,Valencia,2,La Coruna,1
17/08/2018,Betis,0,Levante,3
17/08/2018,Girona,0,Valladolid,0
18/08/2018,Barcelona,3,Alaves,0
18/08/2018,Celta,1,Espanol,1
18/08/2018,Villarreal,1,Sociedad,2
19/08/2018,Eibar,1,Huesca,2
19/08/2018,Real Madrid,2,Getafe,0
19/08/2018,Vallecano,1,Sevilla,4
20/08/2018,Ath Bilbao,2,Leganes,1
20/08/2018,Valencia,1,Ath Madrid,1
24/08/2018,Getafe,2,Eibar,0
24/08/2018,Leganes,2,Sociedad,2
25/08/2018,Alaves,0,Betis,0
25/08/2018,Ath Madrid,1,Vallecano,0
25/08/2018,Valladolid,0,Barcelona,1
26/08/2018,Espanol,2,Valencia,0
26/08/2018,Girona,1,Real Madrid,4
26/08/2018,Sevilla,0,Villarreal,0
27/08/2018,Ath Bilbao,2,Huesca,2
27/08/2018,Levante,1,Celta,2
31/08/2018,Eibar,2,Sociedad,1
31/08/2018,Getafe,0,Valladolid,0
31/08/2018,Villarreal,0,Girona,1
01/09/2018,Celta,2,Ath Madrid,0
01/09/2018,Real Madrid,4,Leganes,1
02/09/2018,Alaves,2,Espanol,1
02/09/2018,Barcelona,8,Huesca,2
02/09/2018,Betis,1,Sevilla,0
02/09/2018,Levante,2,Valencia,2
14/09/2018,Huesca,0,Vallecano,1
15/09/2018,Ath Bilbao,1,Real Madrid,1
15/09/2018,Ath Madrid,1,Eibar,1
15/09/2018,Sociedad,1,Barcelona,2
15/09/2018,Valencia,0,Betis,0
16/09/2018,Espanol,1,Levante,0
16/09/2018,Leganes,0,Villarreal,1
16/09/2018,Sevilla,0,Getafe,2
16/09/2018,Valladolid,0,Alaves,1
17/09/2018,Girona,3,Celta,2
21/09/2018,Huesca,0,Sociedad,1
22/09/2018,Celta,3,Valladolid,3
22/09/2018,Eibar,1,Leganes,0
22/09/2018,Getafe,0,Ath Madrid,2
22/09/2018,Real Madrid,1,Espanol,0
22/09/2018,Vallecano,1,Alaves,5
23/09/2018,Barcelona,2,Girona,2
23/09/2018,Betis,2,Ath Bilbao,2
23/09/2018,Levante,2,Sevilla,6
23/09/2018,Villarreal,0,Valencia,0
25/09/2018,Ath Madrid,3,Huesca,0
25/09/2018,Espanol,1,Eibar,0
25/09/2018,Sociedad,2,Vallecano,2
26/09/2018,Ath Bilbao,0,Villarreal,3
26/09/2018,Leganes,2,Barcelona,1
26/09/2018,Sevilla,3,Real Madrid,0
26/09/2018,Valencia,1,Celta,1
27/09/2018,Alaves,1,Getafe,1
27/09/2018,Girona,0,Betis,1
27/09/2018,Valladolid,2,Levante,1
28/09/2018,Vallecano,2,Espanol,2
29/09/2018,Barcelona,1,Ath Bilbao,1
29/09/2018,Eibar,1,Sevilla,3
29/09/2018,Real Madrid,0,Ath Madrid,0
29/09/2018,Sociedad,0,Valencia,1
30/09/2018,Betis,1,Leganes,0
30/09/2018,Huesca,1,Girona,1
30/09/2018,Levante,2,Alaves,1
30/09/2018,Villarreal,0,Valladolid,1
01/10/2018,Celta,1,Getafe,1
05/10/2018,Ath Bilbao,1,Sociedad,3
06/10/2018,Alaves,1,Real Madrid,0
06/10/2018,Getafe,0,Levante,1
06/10/2018,Girona,2,Eibar,3
06/10/2018,Leganes,1,Vallecano,0
07/10/2018,Ath Madrid,1,Betis,0
07/10/2018,Espanol,3,Villarreal,1
07/10/2018,Sevilla,2,Celta,1
07/10/2018,Valencia,1,Barcelona,1
07/10/2018,Valladolid,1,Huesca,0
19/10/2018,Celta,0,Alaves,1
20/10/2018,Barcelona,4,Sevilla,2
20/10/2018,Real Madrid,1,Levante,2
20/10/2018,Valencia,1,Leganes,1
20/10/2018,Villarreal,1,Ath Madrid,1
21/10/2018,Betis,0,Valladolid,1
21/10/2018,Eibar,1,Ath Bilbao,1
21/10/2018,Huesca,0,Espanol,2
21/10/2018,Vallecano,1,Getafe,2
22/10/2018,Sociedad,0,Girona,0
24/10/2018,Vallecano,1,Ath Bilbao,1
26/10/2018,Valladolid,1,Espanol,1
27/10/2018,Ath Bilbao,0,Valencia,0
27/10/2018,Ath Madrid,2,Sociedad,0
27/10/2018,Celta,4,Eibar,0
27/10/2018,Girona,2,Vallecano,1
27/10/2018,Levante,2,Leganes,0
28/10/2018,Alaves,2,Villarreal,1
28/10/2018,Barcelona,5,Real Madrid,1
28/10/2018,Getafe,2,Betis,0
28/10/2018,Sevilla,2,Huesca,1
03/11/2018,Leganes,1,Ath Madrid,1
03/11/2018,Real Madrid,2,Valladolid,0
03/11/2018,Valencia,0,Girona,1
03/11/2018,Vallecano,2,Barcelona,3
04/11/2018,Betis,3,Celta,3
04/11/2018,Eibar,2,Alaves,1
04/11/2018,Huesca,1,Getafe,1
04/11/2018,Sociedad,0,Sevilla,0
04/11/2018,Villarreal,1,Levante,1
05/11/2018,Espanol,1,Ath Bilbao,0
09/11/2018,Levante,1,Sociedad,3
10/11/2018,Ath Madrid,3,Ath Bilbao,2
10/11/2018,Getafe,0,Valencia,1
10/11/2018,Girona,0,Leganes,0
10/11/2018,Valladolid,0,Eibar,0
11/11/2018,Alaves,2,Huesca,1
11/11/2018,Barcelona,3,Betis,4
11/11/2018,Celta,2,Real Madrid,4
11/11/2018,Sevilla,2,Espanol,1
11/11/2018,Vallecano,2,Villarreal,2
23/11/2018,Leganes,1,Alaves,0
24/11/2018,Ath Madrid,1,Barcelona,1
24/11/2018,Eibar,3,Real Madrid,0
24/11/2018,Huesca,2,Levante,2
24/11/2018,Valencia,3,Vallecano,0
25/11/2018,Ath Bilbao,1,Getafe,1
25/11/2018,Espanol,1,Girona,3
25/11/2018,Sevilla,1,Valladolid,0
25/11/2018,Villarreal,2,Betis,1
26/11/2018,Sociedad,2,Celta,1
30/11/2018,Vallecano,1,Eibar,0
01/12/2018,Celta,2,Huesca,0
01/12/2018,Getafe,3,Espanol,0
01/12/2018,Real Madrid,2,Valencia,0
01/12/2018,Valladolid,2,Leganes,4
02/12/2018,Alaves,1,Sevilla,1
02/12/2018,Barcelona,2,Villarreal,0
02/12/2018,Betis,1,Sociedad,0
02/12/2018,Girona,1,Ath Madrid,1
03/12/2018,Levante,3,Ath Bilbao,0
07/12/2018,Leganes,1,Getafe,1
08/12/2018,Ath Madrid,3,Alaves,0
08/12/2018,Espanol,0,Barcelona,4
08/12/2018,Valencia,1,Sevilla,1
08/12/2018,Villarreal,2,Celta,3
09/12/2018,Betis,2,Vallecano,0
09/12/2018,Eibar,4,Levante,4
09/12/2018,Huesca,0,Real Madrid,1
09/12/2018,Sociedad,1,Valladolid,2
10/12/2018,Ath Bilbao,1,Girona,0
14/12/2018,Celta,0,Leganes,0
15/12/2018,Eibar,1,Valencia,1
15/12/2018,Getafe,1,Sociedad,0
15/12/2018,Real Madrid,1,Vallecano,0
15/12/2018,Valladolid,2,Ath Madrid,3
16/12/2018,Espanol,1,Betis,3
16/12/2018,Huesca,2,Villarreal,2
16/12/2018,Levante,0,Barcelona,5
16/12/2018,Sevilla,2,Girona,0
17/12/2018,Alaves,0,Ath Bilbao,0
21/12/2018,Girona,1,Getafe,1
21/12/2018,Sociedad,0,Alaves,1
22/12/2018,Ath Bilbao,1,Valladolid,1
22/12/2018,Ath Madrid,1,Espanol,0
22/12/2018,Barcelona,2,Celta,0
22/12/2018,Betis,1,Eibar,1
23/12/2018,Leganes,1,Sevilla,1
23/12/2018,Valencia,2,Huesca,1
23/12/2018,Vallecano,2,Levante,1
03/01/2019,Villarreal,2,Real Madrid,2
04/01/2019,Espanol,1,Leganes,0
04/01/2019,Levante,2,Girona,2
05/01/2019,Alaves,2,Valencia,1
05/01/2019,Huesca,2,Betis,1
05/01/2019,Valladolid,0,Vallecano,1
06/01/2019,Eibar,0,Villarreal,0
06/01/2019,Getafe,1,Barcelona,2
06/01/2019,Real Madrid,0,Sociedad,2
06/01/2019,Sevilla,1,Ath Madrid,1
07/01/2019,Celta,1,Ath Bilbao,2
11/01/2019,Vallecano,4,Celta,2
12/01/2019,Girona,1,Alaves,1
12/01/2019,Leganes,1,Huesca,0
12/01/2019,Valencia,1,Valladolid,1
12/01/2019,Villarreal,1,Getafe,2
13/01/2019,Ath Bilbao,2,Sevilla,0
13/01/2019,Ath Madrid,1,Levante,0
13/01/2019,Barcelona,3,Eibar,0
13/01/2019,Betis,1,Real Madrid,2
14/01/2019,Sociedad,3,Espanol,2
18/01/2019,Getafe,4,Alaves,0
19/01/2019,Celta,1,Valencia,2
19/01/2019,Huesca,0,Ath Madrid,3
19/01/2019,Real Madrid,2,Sevilla,0
20/01/2019,Barcelona,3,Leganes,1
20/01/2019,Betis,3,Girona,2
20/01/2019,Levante,2,Valladolid,0
20/01/2019,Vallecano,2,Sociedad,2
20/01/2019,Villarreal,1,Ath Bilbao,1
21/01/2019,Eibar,3,Espanol,0
26/01/2019,Ath Madrid,2,Getafe,0
26/01/2019,Leganes,2,Eibar,2
26/01/2019,Sevilla,5,Levante,0
26/01/2019,Valencia,3,Villarreal,0
27/01/2019,Ath Bilbao,1,Betis,0
27/01/2019,Espanol,2,Real Madrid,4
27/01/2019,Girona,0,Barcelona,2
27/01/2019,Sociedad,0,Huesca,0
27/01/2019,Valladolid,2,Celta,1
28/01/2019,Alaves,0,Vallecano,1
01/02/2019,Huesca,4,Valladolid,0
02/02/2019,Barcelona,2,Valencia,2
02/02/2019,Celta,1,Sevilla,0
02/02/2019,Levante,0,Getafe,0
02/02/2019,Sociedad,2,Ath Bilbao,1
03/02/2019,Betis,1,Ath Madrid,0
03/02/2019,Eibar,3,Girona,0
03/02/2019,Real Madrid,3,Alaves,0
03/02/2019,Villarreal,2,Espanol,2
04/02/2019,Vallecano,1,Leganes,2
08/02/2019,Valladolid,0,Villarreal,0
09/02/2019,Ath Madrid,1,Real Madrid,3
09/02/2019,Espanol,2,Vallecano,1
09/02/2019,Getafe,3,Celta,1
09/02/2019,Girona,0,Huesca,2
10/02/2019,Ath Bilbao,0,Barcelona,0
10/02/2019,Leganes,3,Betis,0
10/02/2019,Sevilla,2,Eibar,2
10/02/2019,Valencia,0,Sociedad,0
11/02/2019,Alaves,2,Levante,0
15/02/2019,Eibar,2,Getafe,2
16/02/2019,Barcelona,1,Valladolid,0
16/02/2019,Celta,1,Levante,4
16/02/2019,Sociedad,3,Leganes,0
16/02/2019,Vallecano,0,Ath Madrid,1
17/02/2019,Betis,1,Alaves,1
17/02/2019,Real Madrid,1,Girona,2
17/02/2019,Valencia,0,Espanol,0
17/02/2019,Villarreal,3,Sevilla,0
18/02/2019,Huesca,0,Ath Bilbao,1
22/02/2019,Espanol,1,Huesca,1
23/02/2019,Alaves,0,Celta,0
23/02/2019,Ath Bilbao,1,Eibar,0
23/02/2019,Getafe,2,Vallecano,1
23/02/2019,Sevilla,2,Barcelona,4
24/02/2019,Ath Madrid,2,Villarreal,0
24/02/2019,Leganes,1,Valencia,1
24/02/2019,Levante,1,Real Madrid,2
24/02/2019,Valladolid,0,Betis,2
25/02/2019,Girona,0,Sociedad,0
01/03/2019,Vallecano,0,Girona,2
02/03/2019,Espanol,3,Valladolid,1
02/03/2019,Huesca,2,Sevilla,1
02/03/2019,Real Madrid,0,Barcelona,1
02/03/2019,Villarreal,1,Alaves,2
03/03/2019,Betis,1,Getafe,2
03/03/2019,Eibar,1,Celta,0
03/03/2019,Sociedad,0,Ath Madrid,2
03/03/2019,Valencia,2,Ath Bilbao,0
04/03/2019,Leganes,1,Levante,0
08/03/2019,Ath Bilbao,1,Espanol,1
09/03/2019,Alaves,1,Eibar,1
09/03/2019,Ath Madrid,1,Leganes,0
09/03/2019,Barcelona,3,Vallecano,1
09/03/2019,Getafe,2,Huesca,1
10/03/2019,Celta,0,Betis,1
10/03/2019,Girona,2,Valencia,3
10/03/2019,Levante,0,Villarreal,2
10/03/2019,Sevilla,5,Sociedad,2
10/03/2019,Valladolid,1,Real Madrid,4
15/03/2019,Sociedad,1,Levante,1
16/03/2019,Ath Bilbao,2,Ath Madrid,0
16/03/2019,Huesca,1,Alaves,3
16/03/2019,Leganes,0,Girona,2
16/03/2019,Real Madrid,2,Celta,0
17/03/2019,Betis,1,Barcelona,4
17/03/2019,Eibar,1,Valladolid,2
17/03/2019,Espanol,0,Sevilla,1
17/03/2019,Valencia,0,Getafe,0
17/03/2019,Villarreal,3,Vallecano,1
29/03/2019,Girona,1,Ath Bilbao,2
30/03/2019,Alaves,0,Ath Madrid,4
30/03/2019,Barcelona,2,Espanol,0
30/03/2019,Celta,3,Villarreal,2
30/03/2019,Getafe,0,Leganes,2
31/03/2019,Levante,2,Eibar,2
31/03/2019,Real Madrid,3,Huesca,2
31/03/2019,Sevilla,0,Valencia,1
31/03/2019,Valladolid,1,Sociedad,1
31/03/2019,Vallecano,1,Betis,1
02/04/2019,Ath Madrid,2,Girona,0
02/04/2019,Espanol,1,Getafe,1
02/04/2019,Villarreal,4,Barcelona,4
03/04/2019,Ath Bilbao,3,Levante,2
03/04/2019,Eibar,2,Vallecano,1
03/04/2019,Huesca,3,Celta,3
03/04/2019,Valencia,2,Real Madrid,1
04/04/2019,Leganes,1,Valladolid,0
04/04/2019,Sevilla,2,Alaves,0
04/04/2019,Sociedad,2,Betis,1
06/04/2019,Barcelona,2,Ath Madrid,0
06/04/2019,Girona,1,Espanol,2
06/04/2019,Real Madrid,2,Eibar,1
06/04/2019,Vallecano,2,Valencia,0
07/04/2019,Alaves,1,Leganes,1
07/04/2019,Betis,2,Villarreal,1
07/04/2019,Celta,3,Sociedad,1
07/04/2019,Getafe,1,Ath Bilbao,0
07/04/2019,Levante,2,Huesca,2
07/04/2019,Valladolid,0,Sevilla,2
13/04/2019,Ath Madrid,2,Celta,0
13/04/2019,Espanol,2,Alaves,1
13/04/2019,Huesca,0,Barcelona,0
13/04/2019,Sevilla,3,Betis,2
14/04/2019,Ath Bilbao,3,Vallecano,2
14/04/2019,Girona,0,Villarreal,1
14/04/2019,Sociedad,1,Eibar,1
14/04/2019,Valencia,3,Levante,1
14/04/2019,Valladolid,2,Getafe,2
15/04/2019,Leganes,1,Real Madrid,1
19/04/2019,Alaves,2,Valladolid,2
20/04/2019,Barcelona,2,Sociedad,1
20/04/2019,Celta,2,Girona,1
20/04/2019,Eibar,0,Ath Madrid,1
20/04/2019,Vallecano,0,Huesca,0
21/04/2019,Betis,1,Valencia,2
21/04/2019,Getafe,3,Sevilla,0
21/04/2019,Levante,2,Espanol,2
21/04/2019,Real Madrid,3,Ath Bilbao,0
21/04/2019,Villarreal,2,Leganes,1
23/04/2019,Alaves,0,Barcelona,2
23/04/2019,Huesca,2,Eibar,0
23/04/2019,Valladolid,1,Girona,0
24/04/2019,Ath Madrid,3,Valencia,2
24/04/2019,Espanol,1,Celta,1
24/04/2019,Leganes,0,Ath Bilbao,1
24/04/2019,Levante,4,Betis,0
25/04/2019,Getafe,0,Real Madrid,0
25/04/2019,Sevilla,5,Vallecano,0
25/04/2019,Sociedad,0,Villarreal,1
27/04/2019,Ath Bilbao,1,Alaves,1
27/04/2019,Ath Madrid,1,Valladolid,0
27/04/2019,Barcelona,1,Levante,0
27/04/2019,Leganes,0,Celta,0
28/04/2019,Girona,1,Sevilla,0
28/04/2019,Sociedad,2,Getafe,1
28/04/2019,Valencia,0,Eibar,1
28/04/2019,Vallecano,1,Real Madrid,0
28/04/2019,Villarreal,1,Huesca,1
29/04/2019,Betis,1,Espanol,1
03/05/2019,Sevilla,0,Leganes,3
04/05/2019,Alaves,0,Sociedad,1
04/05/2019,Celta,2,Barcelona,0
04/05/2019,Espanol,3,Ath Madrid,0
04/05/2019,Levante,4,Vallecano,1
05/05/2019,Eibar,1,Betis,0
05/05/2019,Getafe,2,Girona,0
05/05/2019,Huesca,2,Valencia,6
05/05/2019,Real Madrid,3,Villarreal,2
05/05/2019,Valladolid,1,Ath Bilbao,0
12/05/2019,Ath Bilbao,3,Celta,1
12/05/2019,Ath Madrid,1,Sevilla,1
12/05/2019,Barcelona,2,Getafe,0
12/05/2019,Betis,2,Huesca,1
12/05/2019,Girona,1,Levante,2
12/05/2019,Leganes,0,Espanol,2
12/05/2019,Sociedad,3,Real Madrid,1
12/05/2019,Valencia,3,Alaves,1
12/05/2019,Vallecano,1,Valladolid,2
12/05/2019,Villarreal,1,Eibar,0
18/05/2019,Alaves,2,Girona,1
18/05/2019,Celta,2,Vallecano,2
18/05/2019,Espanol,2,Sociedad,0
18/05/2019,Getafe,2,Villarreal,2
18/05/2019,Huesca,2,Leganes,1
18/05/2019,Levante,2,Ath Madrid,2
18/05/2019,Sevilla,2,Ath Bilbao,0
18/05/2019,Valladolid,0,Valencia,2
19/05/2019,Eibar,2,Barcelona,2
19/05/2019,Real Madrid,0,Betis,2
16/08/2019,Ath Bilbao,1,Barcelona,0
17/08/2019,Celta,1,Real Madrid,3
17/08/2019,Valencia,1,Sociedad,1
17/08/2019,Mallorca,2,Eibar,1
17/08/2019,Leganes,0,Osasuna,1
17/08/2019,Villarreal,4,Granada,4
18/08/2019,Alaves,1,Levante,0
18/08/2019,Espanol,0,Sevilla,2
18/08/2019,Betis,1,Valladolid,2
18/08/2019,Ath Madrid,1,Getafe,0
23/08/2019,Granada,0,Sevilla,1
23/08/2019,Levante,2,Villarreal,1
24/08/2019,Osasuna,0,Eibar,0
24/08/2019,Real Madrid,1,Valladolid,1
24/08/2019,Celta,1,Valencia,0
24/08/2019,Getafe,1,Ath Bilbao,1
25/08/2019,Alaves,0,Espanol,0
25/08/2019,Mallorca,0,Sociedad,1
25/08/2019,Leganes,0,Ath Madrid,1
25/08/2019,Barcelona,5,Betis,2
30/08/2019,Sevilla,1,Celta,1
30/08/2019,Ath Bilbao,2,Sociedad,0
31/08/2019,Osasuna,2,Barcelona,2
31/08/2019,Getafe,1,Alaves,1
31/08/2019,Levante,2,Valladolid,0
31/08/2019,Betis,2,Leganes,1
01/09/2019,Valencia,2,Mallorca,0
01/09/2019,Ath Madrid,3,Eibar,2
01/09/2019,Espanol,0,Granada,3
01/09/2019,Villarreal,2,Real Madrid,2
13/09/2019,Mallorca,0,Ath Bilbao,0
14/09/2019,Real Madrid,3,Levante,2
14/09/2019,Leganes,0,Villarreal,3
14/09/2019,Sociedad,2,Ath Madrid,0
14/09/2019,Barcelona,5,Valencia,2
15/09/2019,Eibar,1,Espanol,2
15/09/2019,Alaves,0,Sevilla,1
15/09/2019,Celta,0,Granada,2
15/09/2019,Valladolid,1,Osasuna,1
15/09/2019,Betis,1,Getafe,1
20/09/2019,Osasuna,0,Betis,0
21/09/2019,Villarreal,2,Valladolid,0
21/09/2019,Levante,0,Eibar,0
21/09/2019,Ath Madrid,0,Celta,0
21/09/2019,Granada,2,Barcelona,0
22/09/2019,Getafe,4,Mallorca,2
22/09/2019,Espanol,1,Sociedad,3
22/09/2019,Valencia,1,Leganes,1
22/09/2019,Ath Bilbao,2,Alaves,0
22/09/2019,Sevilla,0,Real Madrid,1
24/09/2019,Valladolid,1,Granada,1
24/09/2019,Betis,3,Levante,1
24/09/2019,Barcelona,2,Villarreal,1
25/09/2019,Leganes,1,Ath Bilbao,1
25/09/2019,Mallorca,0,Ath Madrid,2
25/09/2019,Valencia,3,Getafe,3
25/09/2019,Real Madrid,2,Osasuna,0
26/09/2019,Eibar,3,Sevilla,2
26/09/2019,Celta,1,Espanol,1
26/09/2019,Sociedad,3,Alaves,0
27/09/2019,Villarreal,5,Betis,1
28/09/2019,Ath Bilbao,0,Valencia,1
28/09/2019,Getafe,0,Barcelona,2
28/09/2019,Granada,1,Leganes,0
28/09/2019,Ath Madrid,0,Real Madrid,0
29/09/2019,Espanol,0,Valladolid,2
29/09/2019,Eibar,2,Celta,0
29/09/2019,Alaves,2,Mallorca,0
29/09/2019,Levante,1,Osasuna,1
29/09/2019,Sevilla,3,Sociedad,2
04/10/2019,Betis,1,Eibar,1
05/10/2019,Leganes,1,Levante,2
05/10/2019,Real Madrid,4,Granada,2
05/10/2019,Valencia,2,Alaves,1
05/10/2019,Osasuna,2,Villarreal,1
06/10/2019,Mallorca,2,Espanol,0
06/10/2019,Celta,1,Ath Bilbao,0
06/10/2019,Valladolid,0,Ath Madrid,0
06/10/2019,Sociedad,1,Getafe,2
06/10/2019,Barcelona,4,Sevilla,0
18/10/2019,Granada,1,Osasuna,0
19/10/2019,Eibar,0,Barcelona,3
19/10/2019,Ath Madrid,1,Valencia,1
19/10/2019,Getafe,2,Leganes,0
19/10/2019,Mallorca,1,Real Madrid,0
20/10/2019,Alaves,2,Celta,0
20/10/2019,Sociedad,3,Betis,1
20/10/2019,Espanol,0,Villarreal,1
20/10/2019,Ath Bilbao,1,Valladolid,1
20/10/2019,Sevilla,1,Levante,0
25/10/2019,Villarreal,4,Alaves,1
26/10/2019,Leganes,1,Mallorca,0
26/10/2019,Valladolid,2,Eibar,0
26/10/2019,Ath Madrid,2,Ath Bilbao,0
27/10/2019,Celta,0,Sociedad,1
27/10/2019,Granada,1,Betis,0
27/10/2019,Levante,0,Espanol,1
27/10/2019,Sevilla,2,Getafe,0
27/10/2019,Osasuna,3,Valencia,1
29/10/2019,Alaves,1,Ath Madrid,1
29/10/2019,Barcelona,5,Valladolid,1
30/10/2019,Sociedad,1,Levante,2
30/10/2019,Valencia,1,Sevilla,1
30/10/2019,Ath Bilbao,3,Espanol,0
30/10/2019,Betis,2,Celta,1
30/10/2019,Real Madrid,5,Leganes,0
31/10/2019,Eibar,2,Villarreal,1
31/10/2019,Mallorca,2,Osasuna,2
31/10/2019,Getafe,3,Granada,1
02/11/2019,Espanol,1,Valencia,2
02/11/2019,Levante,3,Barcelona,1
02/11/2019,Sevilla,1,Ath Madrid,1
02/11/2019,Real Madrid,0,Betis,0
03/11/2019,Valladolid,3,Mallorca,0
03/11/2019,Villarreal,0,Ath Bilbao,0
03/11/2019,Osasuna,4,Alaves,2
03/11/2019,Celta,0,Getafe,1
03/11/2019,Leganes,1,Eibar,2
03/11/2019,Granada,1,Sociedad,2
08/11/2019,Sociedad,1,Leganes,1
09/11/2019,Alaves,3,Valladolid,0
09/11/2019,Valencia,2,Granada,0
09/11/2019,Eibar,0,Real Madrid,4
09/11/2019,Barcelona,4,Celta,1
10/11/2019,Mallorca,3,Villarreal,1
10/11/2019,Ath Bilbao,2,Levante,1
10/11/2019,Ath Madrid,3,Espanol,1
10/11/2019,Getafe,0,Osasuna,0
10/11/2019,Betis,1,Sevilla,2
22/11/2019,Levante,2,Mallorca,1
23/11/2019,Leganes,1,Barcelona,2
23/11/2019,Betis,2,Valencia,1
23/11/2019,Granada,1,Ath Madrid,1
23/11/2019,Real Madrid,3,Sociedad,1
24/11/2019,Espanol,1,Getafe,1
24/11/2019,Osasuna,1,Ath Bilbao,2
24/11/2019,Eibar,0,Alaves,2
24/11/2019,Villarreal,1,Celta,3
24/11/2019,Valladolid,0,Sevilla,1
29/11/2019,Celta,0,Valladolid,0
30/11/2019,Alaves,1,Real Madrid,2
30/11/2019,Sociedad,4,Eibar,1
30/11/2019,Mallorca,1,Betis,2
30/11/2019,Valencia,2,Villarreal,1
01/12/2019,Sevilla,1,Leganes,0
01/12/2019,Ath Bilbao,2,Granada,0
01/12/2019,Espanol,2,Osasuna,4
01/12/2019,Getafe,4,Levante,0
01/12/2019,Ath Madrid,0,Barcelona,1
06/12/2019,Villarreal,0,Ath Madrid,0
07/12/2019,Real Madrid,2,Espanol,0
07/12/2019,Granada,3,Alaves,0
07/12/2019,Levante,2,Valencia,4
07/12/2019,Barcelona,5,Mallorca,2
08/12/2019,Eibar,0,Getafe,1
08/12/2019,Betis,3,Ath Bilbao,2
08/12/2019,Valladolid,0,Sociedad,0
08/12/2019,Leganes,3,Celta,2
08/12/2019,Osasuna,1,Sevilla,1
13/12/2019,Alaves,1,Leganes,1
14/12/2019,Granada,1,Levante,2
14/12/2019,Sociedad,2,Barcelona,2
14/12/2019,Ath Bilbao,0,Eibar,0
14/12/2019,Ath Madrid,2,Osasuna,0
15/12/2019,Getafe,2,Valladolid,0
15/12/2019,Celta,2,Mallorca,2
15/12/2019,Espanol,2,Betis,2
15/12/2019,Sevilla,1,Villarreal,2
15/12/2019,Valencia,1,Real Madrid,1
18/12/2019,Barcelona,0,Real Madrid,0
20/12/2019,Eibar,3,Granada,0
21/12/2019,Mallorca,0,Sevilla,2
21/12/2019,Barcelona,4,Alaves,1
21/12/2019,Villarreal,1,Getafe,0
21/12/2019,Valladolid,1,Valencia,1
22/12/2019,Leganes,2,Espanol,0
22/12/2019,Osasuna,3,Sociedad,4
22/12/2019,Betis,1,Ath Madrid,2
22/12/2019,Levante,3,Celta,1
22/12/2019,Real Madrid,0,Ath Bilbao,0
03/01/2020,Valladolid,2,Leganes,2
03/01/2020,Sevilla,1,Ath Bilbao,1
04/01/2020,Valencia,1,Eibar,0
04/01/2020,Getafe,0,Real Madrid,3
04/01/2020,Ath Madrid,2,Levante,1
04/01/2020,Espanol,2,Barcelona,2
05/01/2020,Granada,1,Mallorca,0
05/01/2020,Sociedad,1,Villarreal,2
05/01/2020,Alaves,1,Betis,1
05/01/2020,Celta,1,Osasuna,1
17/01/2020,Leganes,0,Getafe,3
18/01/2020,Levante,0,Alaves,1
18/01/2020,Real Madrid,2,Sevilla,1
18/01/2020,Osasuna,0,Valladolid,0
18/01/2020,Eibar,2,Ath Madrid,0
19/01/2020,Mallorca,4,Valencia,1
19/01/2020,Betis,3,Sociedad,0
19/01/2020,Villarreal,1,Espanol,2
19/01/2020,Ath Bilbao,1,Celta,1
19/01/2020,Barcelona,1,Granada,0
24/01/2020,Osasuna,2,Levante,0
25/01/2020,Espanol,1,Ath Bilbao,1
25/01/2020,Valencia,2,Barcelona,0
25/01/2020,Alaves,1,Villarreal,2
25/01/2020,Sevilla,2,Granada,0
26/01/2020,Ath Madrid,0,Leganes,0
26/01/2020,Celta,0,Eibar,0
26/01/2020,Getafe,1,Betis,0
26/01/2020,Sociedad,3,Mallorca,0
26/01/2020,Valladolid,0,Real Madrid,1
01/02/2020,Granada,2,Espanol,1
01/02/2020,Real Madrid,1,Ath Madrid,0
01/02/2020,Mallorca,0,Valladolid,1
01/02/2020,Valencia,1,Celta,0
02/02/2020,Leganes,2,Sociedad,1
02/02/2020,Eibar,1,Betis,1
02/02/2020,Ath Bilbao,0,Getafe,2
02/02/2020,Sevilla,1,Alaves,1
02/02/2020,Villarreal,3,Osasuna,1
02/02/2020,Barcelona,2,Levante,1
07/02/2020,Alaves,2,Eibar,1
08/02/2020,Levante,2,Leganes,0
08/02/2020,Getafe,3,Valencia,0
08/02/2020,Valladolid,1,Villarreal,1
08/02/2020,Ath Madrid,1,Granada,0
09/02/2020,Espanol,1,Mallorca,0
09/02/2020,Sociedad,2,Ath Bilbao,1
09/02/2020,Osasuna,1,Real Madrid,4
09/02/2020,Celta,2,Sevilla,1
09/02/2020,Betis,2,Barcelona,3
14/02/2020,Valencia,2,Ath Madrid,2
15/02/2020,Mallorca,1,Alaves,0
15/02/2020,Barcelona,2,Getafe,1
15/02/2020,Villarreal,2,Levante,1
15/02/2020,Granada,2,Valladolid,1
16/02/2020,Sevilla,2,Espanol,2
16/02/2020,Leganes,0,Betis,0
16/02/2020,Ath Bilbao,0,Osasuna,1
16/02/2020,Real Madrid,2,Celta,2
21/02/2020,Betis,3,Mallorca,3
22/02/2020,Celta,1,Leganes,0
22/02/2020,Barcelona,5,Eibar,0
22/02/2020,Sociedad,3,Valencia,0
22/02/2020,Levante,1,Real Madrid,0
23/02/2020,Osasuna,0,Granada,3
23/02/2020,Alaves,2,Ath Bilbao,1
23/02/2020,Valladolid,2,Espanol,1
23/02/2020,Getafe,0,Sevilla,3
23/02/2020,Ath Madrid,3,Villarreal,1
28/02/2020,Sociedad,1,Valladolid,0
29/02/2020,Eibar,3,Levante,0
29/02/2020,Valencia,2,Betis,1
29/02/2020,Leganes,1,Alaves,1
29/02/2020,Granada,0,Celta,0
01/03/2020,Sevilla,3,Osasuna,2
01/03/2020,Ath Bilbao,1,Villarreal,0
01/03/2020,Espanol,1,Ath Madrid,1
01/03/2020,Mallorca,0,Getafe,1
01/03/2020,Real Madrid,2,Barcelona,0
06/03/2020,Alaves,1,Valencia,1
07/03/2020,Eibar,1,Mallorca,2
07/03/2020,Ath Madrid,2,Sevilla,2
07/03/2020,Barcelona,1,Sociedad,0
07/03/2020,Getafe,0,Celta,0
08/03/2020,Osasuna,1,Espanol,0
08/03/2020,Valladolid,1,Ath Bilbao,4
08/03/2020,Levante,1,Granada,1
08/03/2020,Villarreal,1,Leganes,2
08/03/2020,Betis,2,Real Madrid,1
10/03/2020,Eibar,1,Sociedad,2
11/06/2020,Sevilla,2,Betis,0
12/06/2020,Granada,2,Getafe,1
12/06/2020,Valencia,1,Levante,1
13/06/2020,Espanol,2,Alaves,0
13/06/2020,Celta,0,Villarreal,1
13/06/2020,Leganes,1,Valladolid,2
13/06/2020,Mallorca,0,Barcelona,4
14/06/2020,Ath Bilbao,1,Ath Madrid,1
14/06/2020,Real Madrid,3,Eibar,1
14/06/2020,Sociedad,1,Osasuna,1
15/06/2020,Levante,1,Sevilla,1
15/06/2020,Betis,2,Granada,2
16/06/2020,Getafe,0,Espanol,0
16/06/2020,Villarreal,1,Mallorca,0
16/06/2020,Barcelona,2,Leganes,0
17/06/2020,Eibar,2,Ath Bilbao,2
17/06/2020,Valladolid,0,Celta,0
17/06/2020,Osasuna,0,Ath Madrid,5
18/06/2020,Alaves,2,Sociedad,0
18/06/2020,Real Madrid,3,Valencia,0
19/06/2020,Granada,0,Villarreal,1
19/06/2020,Mallorca,1,Leganes,1
19/06/2020,Sevilla,0,Barcelona,0
20/06/2020,Espanol,1,Levante,3
20/06/2020,Ath Bilbao,1,Betis,0
20/06/2020,Getafe,1,Eibar,1
20/06/2020,Ath Madrid,1,Valladolid,0
21/06/2020,Celta,6,Alaves,0
21/06/2020,Valencia,2,Osasuna,0
21/06/2020,Sociedad,1,Real Madrid,2
22/06/2020,Villarreal,2,Sevilla,2
22/06/2020,Leganes,0,Granada,0
23/06/2020,Levante,0,Ath Madrid,1
23/06/2020,Valladolid,1,Getafe,1
23/06/2020,Barcelona,1,Ath Bilbao,0
24/06/2020,Alaves,0,Osasuna,1
24/06/2020,Sociedad,0,Celta,1
24/06/2020,Real Madrid,2,Mallorca,0
25/06/2020,Eibar,1,Valencia,0
25/06/2020,Betis,1,Espanol,0
26/06/2020,Sevilla,1,Valladolid,1
27/06/2020,Ath Bilbao,3,Mallorca,1
27/06/2020,Celta,2,Barcelona,2
27/06/2020,Osasuna,2,Leganes,1
27/06/2020,Ath Madrid,2,Alaves,1
28/06/2020,Levante,4,Betis,2
28/06/2020,Villarreal,2,Valencia,0
28/06/2020,Granada,1,Eibar,2
28/06/2020,Espanol,0,Real Madrid,1
29/06/2020,Getafe,2,Sociedad,1
30/06/2020,Mallorca,5,Celta,1
30/06/2020,Leganes,0,Sevilla,3
30/06/2020,Barcelona,2,Ath Madrid,2
01/07/2020,Alaves,0,Granada,2
01/07/2020,Valencia,0,Ath Bilbao,2
01/07/2020,Betis,0,Villarreal,2
01/07/2020,Valladolid,0,Levante,0
02/07/2020,Eibar,0,Osasuna,2
02/07/2020,Sociedad,2,Espanol,1
02/07/2020,Real Madrid,1,Getafe,0
03/07/2020,Ath Madrid,3,Mallorca,0
04/07/2020,Celta,1,Betis,1
04/07/2020,Valladolid,1,Alaves,0
04/07/2020,Granada,2,Valencia,2
05/07/2020,Ath Bilbao,0,Real Madrid,1
05/07/2020,Espanol,0,Leganes,1
05/07/2020,Osasuna,0,Getafe,0
05/07/2020,Villarreal,1,Barcelona,4
06/07/2020,Levante,1,Sociedad,1
06/07/2020,Sevilla,1,Eibar,0
07/07/2020,Valencia,2,Valladolid,1
07/07/2020,Celta,1,Ath Madrid,1
08/07/2020,Betis,3,Osasuna,0
08/07/2020,Getafe,1,Villarreal,3
08/07/2020,Barcelona,1,Espanol,0
09/07/2020,Eibar,0,Leganes,0
09/07/2020,Mallorca,2,Levante,0
09/07/2020,Ath Bilbao,1,Sevilla,2
10/07/2020,Sociedad,2,Granada,3
10/07/2020,Real Madrid,2,Alaves,0
11/07/2020,Osasuna,2,Celta,1
11/07/2020,Valladolid,0,Barcelona,1
11/07/2020,Ath Madrid,1,Betis,0
12/07/2020,Espanol,0,Eibar,2
12/07/2020,Levante,1,Ath Bilbao,2
12/07/2020,Leganes,1,Valencia,0
12/07/2020,Sevilla,2,Mallorca,0
13/07/2020,Alaves,0,Getafe,0
13/07/2020,Villarreal,1,Sociedad,2
13/07/2020,Granada,1,Real Madrid,2
16/07/2020,Eibar,3,Valladolid,1
16/07/2020,Ath Bilbao,0,Leganes,2
16/07/2020,Barcelona,1,Osasuna,2
16/07/2020,Betis,1,Alaves,2
16/07/2020,Celta,2,Levante,3
16/07/2020,Getafe,0,Ath Madrid,2
16/07/2020,Mallorca,1,Granada,2
16/07/2020,Real Madrid,2,Villarreal,1
16/07/2020,Sociedad,0,Sevilla,0
16/07/2020,Valencia,1,Espanol,0
19/07/2020,Alaves,0,Barcelona,5
19/07/2020,Valladolid,2,Betis,0
19/07/2020,Villarreal,4,Eibar,0
19/07/2020,Ath Madrid,1,Sociedad,1
19/07/2020,Espanol,0,Celta,0
19/07/2020,Granada,4,Ath Bilbao,0
19/07/2020,Leganes,2,Real Madrid,2
19/07/2020,Levante,1,Getafe,0
19/07/2020,Osasuna,2,Mallorca,2
19/07/2020,Sevilla,1,Valencia,0
